,Agent 1 Rewards,Agent 1 Rate,Agent 1 Test,Agent 2 Rewards,Agent 2 Rate,Agent 2 Test,Agent 3 Rewards,Agent 3 Rate,Agent 3 Test,Agent 4 Rewards,Agent 4 Rate,Agent 4 Test,Agent 5 Rewards,Agent 5 Rate,Agent 5 Test,Agent 6 Rewards,Agent 6 Rate,Agent 6 Test,Agent 7 Rewards,Agent 7 Rate,Agent 7 Test,Agent 8 Rewards,Agent 8 Rate,Agent 8 Test,Agent 9 Rewards,Agent 9 Rate,Agent 9 Test,Agent 10 Rewards,Agent 10 Rate,Agent 10 Test,Agent 11 Rewards,Agent 11 Rate,Agent 11 Test,Agent 12 Rewards,Agent 12 Rate,Agent 12 Test
0,-15.441359999999996,0.18,-17.961699999999976,-15.721999999999996,0.18,-13.001939999999976,-14.681139999999997,0.2,-17.96109999999998,-15.56158,0.18,-15.241239999999983,-12.4416,0.28,-19.041879999999964,-17.801159999999996,0.1,-16.96129999999998,-16.681379999999997,0.14,-18.32177999999997,-17.122119999999995,0.1,-13.481479999999978,-13.921519999999997,0.24,-16.962599999999966,-17.68104,0.08,-14.242159999999974,-16.441539999999993,0.16,-14.802179999999971,-14.562219999999995,0.22,-14.162039999999969
1,-832.07,6.0,-17.961699999999976,-732.0749999999999,10.0,-13.001939999999976,-734.1219999999998,9.0,-17.96109999999998,-700.1929999999999,10.0,-15.241239999999983,-654.0809999999999,11.0,-19.041879999999964,-764.0649999999999,7.0,-16.96129999999998,-672.0669999999999,10.0,-18.32177999999997,-850.051,5.0,-13.481479999999978,-822.0649999999998,6.0,-16.962599999999966,-724.079,10.0,-14.242159999999974,-720.079,8.0,-14.802179999999971,-886.0989999999998,4.0,-14.162039999999969
