,Agent 1 Rewards,Agent 1 Rate,Agent 1 Test,Agent 2 Rewards,Agent 2 Rate,Agent 2 Test,Agent 3 Rewards,Agent 3 Rate,Agent 3 Test,Agent 4 Rewards,Agent 4 Rate,Agent 4 Test
0,-19.040959999999995,0.06,-16.56213999999996,-17.360939999999996,0.12,-15.721449999999972,-19.4009,0.04,-14.681679999999972,-17.120959999999997,0.12,-16.521889999999964
1,-16.680739999999997,0.14,-16.56213999999996,-18.241039999999995,0.08,-15.721449999999972,-19.84093999999999,0.02,-14.681679999999972,-18.16091999999999,0.08,-16.521889999999964
2,-17.320719999999998,0.1,-16.56213999999996,-18.200799999999994,0.08,-15.721449999999972,-17.440819999999995,0.12,-14.681679999999972,-19.680939999999993,0.02,-16.521889999999964
3,-896.0459999999998,2.0,-16.56213999999996,-912.0479999999997,1.0,-15.721449999999972,-912.0449999999998,1.0,-14.681679999999972,-828.0359999999998,4.0,-16.521889999999964
