,Agent 1 Rewards,Agent 1 Rate,Agent 1 Test,Agent 2 Rewards,Agent 2 Rate,Agent 2 Test,Agent 3 Rewards,Agent 3 Rate,Agent 3 Test,Agent 4 Rewards,Agent 4 Rate,Agent 4 Test,Agent 5 Rewards,Agent 5 Rate,Agent 5 Test,Agent 6 Rewards,Agent 6 Rate,Agent 6 Test,Agent 7 Rewards,Agent 7 Rate,Agent 7 Test,Agent 8 Rewards,Agent 8 Rate,Agent 8 Test,Agent 9 Rewards,Agent 9 Rate,Agent 9 Test,Agent 10 Rewards,Agent 10 Rate,Agent 10 Test,Agent 11 Rewards,Agent 11 Rate,Agent 11 Test,Agent 12 Rewards,Agent 12 Rate,Agent 12 Test
0,-16.44128,0.14,-17.681979999999967,-16.48186,0.12,-12.681739999999982,-15.80142,0.16,-17.641279999999984,-16.923579999999994,0.12,-17.40137999999998,-16.763760000000005,0.14,-14.481819999999965,-18.407059999999998,0.08,-13.563439999999932,-12.20176,0.3,-15.763179999999938,-15.281220000000001,0.18,-16.121919999999974,-16.721639999999994,0.14,-12.241879999999982,-13.684720000000002,0.26,-17.121779999999962,-15.521659999999999,0.18,-14.401859999999981,-13.76212,0.24,-18.041479999999975
1,-770.064,7.0,-17.681979999999967,-930.079,2.0,-12.681739999999982,-612.1129999999998,12.0,-17.641279999999984,-792.1049999999999,7.0,-17.40137999999998,-720.0849999999997,10.0,-14.481819999999965,-788.1609999999997,7.0,-13.563439999999932,-868.4459999999998,4.0,-15.763179999999938,-848.0759999999999,5.0,-16.121919999999974,-868.0719999999999,4.0,-12.241879999999982,-876.0740000000001,4.0,-17.121779999999962,-792.0629999999998,7.0,-14.401859999999981,-864.1069999999997,5.0,-18.041479999999975
